,Mesorregiao,Regiao,Municipio,Produtor,Cultivar,LatitudeDecimal,LongitudeDecimal,Primeiro_Esporo,Estadio Fenologico,Situacao,Dias_apos_O0,Data,geometry,fake,carrap
,,,,,,-25.712576456826035,-54.51381532775804,,,Encerrado sem esporos,,,,False
,,,,,,-25.52993181152169,-54.51381532775804,,,Encerrado sem esporos,,,,False
,,,,,,-25.347287166217335,-54.51381532775804,,,Encerrado sem esporos,,,,False
,,,,,,-25.16464252091299,-54.51381532775804,,,Encerrado sem esporos,,,,False
,,,,,,-24.98199787560864,-54.51381532775804,,,Encerrado sem esporos,,,,False
,,,,,,-25.529931811521685,-54.301019331274155,,,Encerrado sem esporos,,,,False
,,,,,,-25.347287166217335,-54.30101933127416,,,Encerrado sem esporos,,,,False
,,,,,,-25.164642520912995,-54.30101933127416,22/12/06,,Com esporos,,,,False,
,,,,,,-24.98199787560864,-54.301019331274155,,,Encerrado sem esporos,,,,False
,,,,,,-24.799353230304295,-54.30101933127416,22/11/16,,Com esporos,,,,False,
,,,,,,-24.616708584999948,-54.301019331274155,22/11/01,,Com esporos,,,,False,
,,,,,,-24.434063939695594,-54.30101933127416,,,Encerrado sem esporos,,,,False
,,,,,,-24.251419294391244,-54.301019331274155,,,Encerrado sem esporos,,,,False
,,,,,,-24.068774649086897,-54.30101933127416,22/11/28,,Com esporos,,,,False,
,,,,,,-25.52993181152169,-54.088223334790285,,,Encerrado sem esporos,,,,False
,,,,,,-25.347287166217335,-54.088223334790285,22/11/28,,Com esporos,,,,False,
,,,,,,-25.16464252091299,-54.088223334790285,,,Encerrado sem esporos,,,,False
,,,,,,-24.98199787560864,-54.088223334790285,,,Encerrado sem esporos,,,,False
,,,,,,-24.79935323030429,-54.088223334790285,22/12/01,,Com esporos,,,,False,
,,,,,,-24.616708584999945,-54.088223334790285,22/11/01,,Com esporos,,,,False,
,,,,,,-24.434063939695594,-54.088223334790285,,,Encerrado sem esporos,,,,False
,,,,,,-24.251419294391248,-54.088223334790285,22/11/22,,Com esporos,,,,False,
,,,,,,-24.0687746490869,-54.088223334790285,,,Encerrado sem esporos,,,,False
,,,,,,-23.88613000378255,-54.088223334790285,,,Encerrado sem esporos,,,,False
,,,,,,-23.703485358478208,-54.088223334790285,,,Encerrado sem esporos,,,,False
,,,,,,-25.89522110213038,-53.875427338306416,,,Encerrado sem esporos,,,,False
,,,,,,-25.712576456826035,-53.875427338306416,23/01/18,,Com esporos,,,,False,
,,,,,,-25.52993181152169,-53.87542733830642,,,Encerrado sem esporos,,,,False
,,,,,,-25.347287166217335,-53.875427338306416,,,Encerrado sem esporos,,,,False
,,,,,,-25.16464252091299,-53.875427338306416,22/11/28,,Com esporos,,,,False,
,,,,,,-24.98199787560864,-53.87542733830642,22/12/16,,Com esporos,,,,False,
,,,,,,-24.79935323030429,-53.875427338306416,,,Encerrado sem esporos,,,,False
,,,,,,-24.616708584999945,-53.87542733830642,22/11/16,,Com esporos,,,,False,
,,,,,,-24.434063939695594,-53.875427338306416,22/12/01,,Com esporos,,,,False,
,,,,,,-24.251419294391248,-53.87542733830642,22/11/29,,Com esporos,,,,False,
,,,,,,-24.0687746490869,-53.875427338306416,,,Encerrado sem esporos,,,,False
,,,,,,-23.88613000378255,-53.875427338306416,,,Encerrado sem esporos,,,,False
,,,,,,-23.703485358478208,-53.87542733830642,,,Encerrado sem esporos,,,,False
,,,,,,-23.520840713173857,-53.875427338306416,,,Encerrado sem esporos,,,,False
,,,,,,-23.33819606786951,-53.875427338306416,,,Encerrado sem esporos,,,,False
,,,,,,-26.260510392739075,-53.66263134182254,,,Encerrado sem esporos,,,,False
,,,,,,-26.07786574743473,-53.66263134182255,,,Encerrado sem esporos,,,,False
,,,,,,-25.89522110213038,-53.66263134182254,,,Encerrado sem esporos,,,,False
,,,,,,-25.712576456826035,-53.66263134182254,,,Encerrado sem esporos,,,,False
,,,,,,-25.52993181152169,-53.66263134182255,,,Encerrado sem esporos,,,,False
,,,,,,-25.347287166217335,-53.66263134182254,,,Encerrado sem esporos,,,,False
,,,,,,-25.16464252091299,-53.66263134182254,,,Encerrado sem esporos,,,,False
,,,,,,-24.98199787560864,-53.66263134182255,,,Encerrado sem esporos,,,,False
,,,,,,-24.79935323030429,-53.66263134182254,22/11/29,,Com esporos,,,,False,
,,,,,,-24.616708584999945,-53.66263134182255,,,Encerrado sem esporos,,,,False
,,,,,,-24.434063939695594,-53.66263134182254,,,Encerrado sem esporos,,,,False
,,,,,,-24.251419294391248,-53.66263134182255,,,Encerrado sem esporos,,,,False
,,,,,,-24.0687746490869,-53.66263134182254,,,Encerrado sem esporos,,,,False
,,,,,,-23.88613000378255,-53.66263134182254,,,Encerrado sem esporos,,,,False
,,,,,,-23.703485358478208,-53.66263134182255,,,Encerrado sem esporos,,,,False
,,,,,,-23.520840713173857,-53.66263134182254,,,Encerrado sem esporos,,,,False
,,,,,,-23.33819606786951,-53.66263134182254,,,Encerrado sem esporos,,,,False
,,,,,,-23.155551422565164,-53.66263134182255,,,Encerrado sem esporos,,,,False
,,,,,,-22.972906777260814,-53.66263134182254,,,Encerrado sem esporos,,,,False
,,,,,,-26.26051039273908,-53.44983534533868,23/01/17,,Com esporos,,,,False,
,,,,,,-26.07786574743473,-53.44983534533868,,,Encerrado sem esporos,,,,False
,,,,,,-25.895221102130375,-53.44983534533868,23/01/30,,Com esporos,,,,False,
,,,,,,-25.712576456826035,-53.44983534533868,23/01/05,,Com esporos,,,,False,
,,,,,,-25.529931811521685,-53.44983534533868,,,Encerrado sem esporos,,,,False
,,,,,,-25.347287166217335,-53.44983534533868,23/01/05,,Com esporos,,,,False,
,,,,,,-25.164642520912995,-53.44983534533868,,,Encerrado sem esporos,,,,False
,,,,,,-24.98199787560864,-53.44983534533868,,,Encerrado sem esporos,,,,False
,,,,,,-24.799353230304295,-53.44983534533868,,,Encerrado sem esporos,,,,False
,,,,,,-24.616708584999948,-53.44983534533868,,,Encerrado sem esporos,,,,False
,,,,,,-24.434063939695594,-53.44983534533868,23/01/17,,Com esporos,,,,False,
,,,,,,-24.251419294391244,-53.44983534533868,,,Encerrado sem esporos,,,,False
,,,,,,-24.068774649086897,-53.44983534533868,,,Encerrado sem esporos,,,,False
,,,,,,-23.886130003782554,-53.44983534533868,,,Encerrado sem esporos,,,,False
,,,,,,-23.703485358478204,-53.44983534533868,,,Encerrado sem esporos,,,,False
,,,,,,-23.520840713173854,-53.44983534533868,,,Encerrado sem esporos,,,,False
,,,,,,-23.338196067869507,-53.44983534533868,,,Encerrado sem esporos,,,,False
,,,,,,-23.155551422565164,-53.44983534533868,,,Encerrado sem esporos,,,,False
,,,,,,-22.972906777260814,-53.44983534533868,,,Encerrado sem esporos,,,,False
,,,,,,-22.790262131956464,-53.44983534533868,,,Encerrado sem esporos,,,,False
,,,,,,-26.260510392739075,-53.2370393488548,22/12/28,,Com esporos,,,,False,
,,,,,,-26.07786574743473,-53.23703934885481,,,Encerrado sem esporos,,,,False
,,,,,,-25.89522110213038,-53.2370393488548,22/12/21,,Com esporos,,,,False,
,,,,,,-25.712576456826035,-53.2370393488548,23/01/17,,Com esporos,,,,False,
,,,,,,-25.52993181152169,-53.23703934885481,,,Encerrado sem esporos,,,,False
,,,,,,-25.347287166217335,-53.2370393488548,22/12/07,,Com esporos,,,,False,
,,,,,,-25.16464252091299,-53.2370393488548,22/12/07,,Com esporos,,,,False,
,,,,,,-24.98199787560864,-53.23703934885481,,,Encerrado sem esporos,,,,False
,,,,,,-24.79935323030429,-53.2370393488548,22/12/27,,Com esporos,,,,False,
,,,,,,-24.616708584999945,-53.23703934885481,22/11/29,,Com esporos,,,,False,
,,,,,,-24.434063939695594,-53.2370393488548,,,Encerrado sem esporos,,,,False
,,,,,,-24.251419294391248,-53.23703934885481,,,Encerrado sem esporos,,,,False
,,,,,,-24.0687746490869,-53.2370393488548,,,Encerrado sem esporos,,,,False
,,,,,,-23.88613000378255,-53.2370393488548,,,Encerrado sem esporos,,,,False
,,,,,,-23.703485358478208,-53.23703934885481,,,Encerrado sem esporos,,,,False
,,,,,,-23.520840713173857,-53.2370393488548,,,Encerrado sem esporos,,,,False
,,,,,,-23.33819606786951,-53.2370393488548,,,Encerrado sem esporos,,,,False
,,,,,,-23.155551422565164,-53.23703934885481,,,Encerrado sem esporos,,,,False
,,,,,,-22.972906777260814,-53.2370393488548,,,Encerrado sem esporos,,,,False
,,,,,,-22.790262131956467,-53.2370393488548,,,Encerrado sem esporos,,,,False
,,,,,,-26.443155038043425,-53.02424335237093,,,Encerrado sem esporos,,,,False
,,,,,,-26.260510392739075,-53.02424335237094,,,Encerrado sem esporos,,,,False
,,,,,,-26.07786574743473,-53.02424335237093,22/12/21,,Com esporos,,,,False,
,,,,,,-25.89522110213038,-53.02424335237094,,,Encerrado sem esporos,,,,False
,,,,,,-25.712576456826035,-53.02424335237094,22/12/22,,Com esporos,,,,False,
,,,,,,-25.52993181152169,-53.02424335237093,,,Encerrado sem esporos,,,,False
,,,,,,-25.347287166217335,-53.02424335237094,,,Encerrado sem esporos,,,,False
,,,,,,-25.16464252091299,-53.02424335237094,,,Encerrado sem esporos,,,,False
,,,,,,-24.98199787560864,-53.02424335237093,,,Encerrado sem esporos,,,,False
,,,,,,-24.79935323030429,-53.02424335237094,22/12/27,,Com esporos,,,,False,
,,,,,,-24.616708584999945,-53.02424335237093,22/10/28,,Com esporos,,,,False,
,,,,,,-24.434063939695594,-53.02424335237094,,,Encerrado sem esporos,,,,False
,,,,,,-24.251419294391248,-53.02424335237093,23/02/06,,Com esporos,,,,False,
,,,,,,-24.0687746490869,-53.02424335237094,,,Encerrado sem esporos,,,,False
,,,,,,-23.88613000378255,-53.02424335237094,,,Encerrado sem esporos,,,,False
,,,,,,-23.703485358478208,-53.02424335237093,,,Encerrado sem esporos,,,,False
,,,,,,-23.520840713173857,-53.02424335237094,,,Encerrado sem esporos,,,,False
,,,,,,-23.33819606786951,-53.02424335237094,,,Encerrado sem esporos,,,,False
,,,,,,-23.155551422565164,-53.02424335237093,,,Encerrado sem esporos,,,,False
,,,,,,-22.972906777260814,-53.02424335237094,,,Encerrado sem esporos,,,,False
,,,,,,-22.790262131956467,-53.02424335237094,,,Encerrado sem esporos,,,,False
,,,,,,-22.607617486652117,-53.02424335237093,,,Encerrado sem esporos,,,,False
,,,,,,-26.443155038043425,-52.81144735588706,,,Encerrado sem esporos,,,,False
,,,,,,-26.260510392739075,-52.81144735588707,22/12/19,,Com esporos,,,,False,
,,,,,,-26.07786574743473,-52.81144735588706,22/12/13,,Com esporos,,,,False,
,,,,,,-25.89522110213038,-52.81144735588707,23/01/04,,Com esporos,,,,False,
,,,,,,-25.712576456826035,-52.81144735588707,,,Encerrado sem esporos,,,,False
,,,,,,-25.52993181152169,-52.81144735588706,22/12/29,,Com esporos,,,,False,
,,,,,,-25.347287166217335,-52.81144735588707,,,Encerrado sem esporos,,,,False
,,,,,,-25.16464252091299,-52.81144735588707,,,Encerrado sem esporos,,,,False
,,,,,,-24.98199787560864,-52.81144735588706,,,Encerrado sem esporos,,,,False
,,,,,,-24.79935323030429,-52.81144735588707,,,Encerrado sem esporos,,,,False
,,,,,,-24.616708584999945,-52.81144735588706,,,Encerrado sem esporos,,,,False
,,,,,,-24.434063939695594,-52.81144735588707,,,Encerrado sem esporos,,,,False
,,,,,,-24.251419294391248,-52.81144735588706,,,Encerrado sem esporos,,,,False
,,,,,,-24.0687746490869,-52.81144735588707,,,Encerrado sem esporos,,,,False
,,,,,,-23.88613000378255,-52.81144735588707,,,Encerrado sem esporos,,,,False
,,,,,,-23.703485358478208,-52.81144735588706,,,Encerrado sem esporos,,,,False
,,,,,,-23.520840713173857,-52.81144735588707,,,Encerrado sem esporos,,,,False
,,,,,,-23.33819606786951,-52.81144735588707,,,Encerrado sem esporos,,,,False
,,,,,,-23.155551422565164,-52.81144735588706,,,Encerrado sem esporos,,,,False
,,,,,,-22.972906777260814,-52.81144735588707,,,Encerrado sem esporos,,,,False
,,,,,,-22.790262131956467,-52.81144735588707,,,Encerrado sem esporos,,,,False
,,,,,,-22.607617486652117,-52.81144735588706,,,Encerrado sem esporos,,,,False
,,,,,,-26.44315503804342,-52.59865135940319,22/12/21,,Com esporos,,,,False,
,,,,,,-26.26051039273908,-52.598651359403185,22/12/20,,Com esporos,,,,False,
,,,,,,-26.07786574743473,-52.59865135940319,,,Encerrado sem esporos,,,,False
,,,,,,-25.895221102130375,-52.598651359403185,22/12/28,,Com esporos,,,,False,
,,,,,,-25.712576456826035,-52.598651359403185,,,Encerrado sem esporos,,,,False
,,,,,,-25.529931811521685,-52.59865135940319,23/01/09,,Com esporos,,,,False,
,,,,,,-25.347287166217335,-52.598651359403185,22/12/14,,Com esporos,,,,False,
,,,,,,-25.164642520912995,-52.598651359403185,,,Encerrado sem esporos,,,,False
,,,,,,-24.98199787560864,-52.59865135940319,,,Encerrado sem esporos,,,,False
,,,,,,-24.799353230304295,-52.598651359403185,,,Encerrado sem esporos,,,,False
,,,,,,-24.616708584999948,-52.59865135940319,22/12/01,,Com esporos,,,,False,
,,,,,,-24.434063939695594,-52.598651359403185,,,Encerrado sem esporos,,,,False
,,,,,,-24.251419294391244,-52.59865135940319,,,Encerrado sem esporos,,,,False
,,,,,,-24.068774649086897,-52.598651359403185,23/01/18,,Com esporos,,,,False,
,,,,,,-23.886130003782554,-52.598651359403185,,,Encerrado sem esporos,,,,False
,,,,,,-23.703485358478204,-52.59865135940319,,,Encerrado sem esporos,,,,False
,,,,,,-23.520840713173854,-52.598651359403185,23/02/23,,Com esporos,,,,False,
,,,,,,-23.338196067869507,-52.598651359403185,,,Encerrado sem esporos,,,,False
,,,,,,-23.155551422565164,-52.59865135940319,,,Encerrado sem esporos,,,,False
,,,,,,-22.972906777260814,-52.598651359403185,,,Encerrado sem esporos,,,,False
,,,,,,-22.790262131956464,-52.598651359403185,,,Encerrado sem esporos,,,,False
,,,,,,-22.607617486652117,-52.59865135940319,,,Encerrado sem esporos,,,,False
,,,,,,-26.443155038043425,-52.385855362919315,23/01/03,,Com esporos,,,,False,
,,,,,,-26.260510392739075,-52.38585536291932,,,Encerrado sem esporos,,,,False
,,,,,,-26.07786574743473,-52.385855362919315,,,Encerrado sem esporos,,,,False
,,,,,,-25.89522110213038,-52.38585536291932,,,Encerrado sem esporos,,,,False
,,,,,,-25.712576456826035,-52.38585536291932,,,Encerrado sem esporos,,,,False
,,,,,,-25.52993181152169,-52.385855362919315,23/01/23,,Com esporos,,,,False,
,,,,,,-25.347287166217335,-52.38585536291932,23/01/24,,Com esporos,,,,False,
,,,,,,-25.16464252091299,-52.38585536291932,,,Encerrado sem esporos,,,,False
,,,,,,-24.98199787560864,-52.385855362919315,,,Encerrado sem esporos,,,,False
,,,,,,-24.79935323030429,-52.38585536291932,,,Encerrado sem esporos,,,,False
,,,,,,-24.616708584999945,-52.385855362919315,,,Encerrado sem esporos,,,,False
,,,,,,-24.434063939695594,-52.38585536291932,,,Encerrado sem esporos,,,,False
,,,,,,-24.251419294391248,-52.385855362919315,,,Encerrado sem esporos,,,,False
,,,,,,-24.0687746490869,-52.38585536291932,23/01/12,,Com esporos,,,,False,
,,,,,,-23.88613000378255,-52.38585536291932,22/12/07,,Com esporos,,,,False,
,,,,,,-23.703485358478208,-52.385855362919315,23/02/23,,Com esporos,,,,False,
,,,,,,-23.520840713173857,-52.38585536291932,23/02/09,,Com esporos,,,,False,
,,,,,,-23.33819606786951,-52.38585536291932,23/02/09,,Com esporos,,,,False,
,,,,,,-23.155551422565164,-52.385855362919315,,,Encerrado sem esporos,,,,False
,,,,,,-22.972906777260814,-52.38585536291932,,,Encerrado sem esporos,,,,False
,,,,,,-22.790262131956467,-52.38585536291932,,,Encerrado sem esporos,,,,False
,,,,,,-22.607617486652117,-52.385855362919315,,,Encerrado sem esporos,,,,False
,,,,,,-26.443155038043425,-52.173059366435446,,,Encerrado sem esporos,,,,False
,,,,,,-26.260510392739075,-52.17305936643545,,,Encerrado sem esporos,,,,False
,,,,,,-26.07786574743473,-52.173059366435446,,,Encerrado sem esporos,,,,False
,,,,,,-25.89522110213038,-52.17305936643545,23/02/08,,Com esporos,,,,False,
,,,,,,-25.712576456826035,-52.17305936643545,23/02/08,,Com esporos,,,,False,
,,,,,,-25.52993181152169,-52.173059366435446,,,Encerrado sem esporos,,,,False
,,,,,,-25.347287166217335,-52.17305936643545,,,Encerrado sem esporos,,,,False
,,,,,,-25.16464252091299,-52.17305936643545,,,Encerrado sem esporos,,,,False
,,,,,,-24.98199787560864,-52.173059366435446,,,Encerrado sem esporos,,,,False
,,,,,,-24.79935323030429,-52.17305936643545,,,Encerrado sem esporos,,,,False
,,,,,,-24.616708584999945,-52.173059366435446,,,Encerrado sem esporos,,,,False
,,,,,,-24.434063939695594,-52.17305936643545,,,Encerrado sem esporos,,,,False
,,,,,,-24.251419294391248,-52.173059366435446,22/12/15,,Com esporos,,,,False,
,,,,,,-24.0687746490869,-52.17305936643545,,,Encerrado sem esporos,,,,False
,,,,,,-23.88613000378255,-52.17305936643545,,,Encerrado sem esporos,,,,False
,,,,,,-23.703485358478208,-52.173059366435446,23/01/11,,Com esporos,,,,False,
,,,,,,-23.520840713173857,-52.17305936643545,23/02/08,,Com esporos,,,,False,
,,,,,,-23.33819606786951,-52.17305936643545,23/01/11,,Com esporos,,,,False,
,,,,,,-23.155551422565164,-52.173059366435446,,,Encerrado sem esporos,,,,False
,,,,,,-22.972906777260814,-52.17305936643545,,,Encerrado sem esporos,,,,False
,,,,,,-22.790262131956467,-52.17305936643545,,,Encerrado sem esporos,,,,False
,,,,,,-22.607617486652117,-52.173059366435446,,,Encerrado sem esporos,,,,False
,,,,,,-26.625799683347772,-51.960263369951576,,,Encerrado sem esporos,,,,False
,,,,,,-26.443155038043425,-51.96026336995157,,,Encerrado sem esporos,,,,False
,,,,,,-26.260510392739075,-51.960263369951576,,,Encerrado sem esporos,,,,False
,,,,,,-26.07786574743473,-51.96026336995157,,,Encerrado sem esporos,,,,False
,,,,,,-25.89522110213038,-51.960263369951576,,,Encerrado sem esporos,,,,False
,,,,,,-25.712576456826035,-51.960263369951576,,,Encerrado sem esporos,,,,False
,,,,,,-25.52993181152169,-51.96026336995157,,,Encerrado sem esporos,,,,False
,,,,,,-25.347287166217335,-51.960263369951576,,,Encerrado sem esporos,,,,False
,,,,,,-25.16464252091299,-51.960263369951576,,,Encerrado sem esporos,,,,False
,,,,,,-24.98199787560864,-51.96026336995157,,,Encerrado sem esporos,,,,False
,,,,,,-24.79935323030429,-51.960263369951576,,,Encerrado sem esporos,,,,False
,,,,,,-24.616708584999945,-51.96026336995157,,,Encerrado sem esporos,,,,False
,,,,,,-24.434063939695594,-51.960263369951576,,,Encerrado sem esporos,,,,False
,,,,,,-24.251419294391248,-51.96026336995157,,,Encerrado sem esporos,,,,False
,,,,,,-24.0687746490869,-51.960263369951576,,,Encerrado sem esporos,,,,False
,,,,,,-23.88613000378255,-51.960263369951576,,,Encerrado sem esporos,,,,False
,,,,,,-23.703485358478208,-51.96026336995157,23/01/24,,Com esporos,,,,False,
,,,,,,-23.520840713173857,-51.960263369951576,23/02/01,,Com esporos,,,,False,
,,,,,,-23.33819606786951,-51.960263369951576,,,Encerrado sem esporos,,,,False
,,,,,,-23.155551422565164,-51.96026336995157,23/01/26,,Com esporos,,,,False,
,,,,,,-22.972906777260814,-51.960263369951576,23/02/16,,Com esporos,,,,False,
,,,,,,-22.790262131956467,-51.960263369951576,,,Encerrado sem esporos,,,,False
,,,,,,-22.607617486652117,-51.96026336995157,,,Encerrado sem esporos,,,,False
,,,,,,-26.62579968334777,-51.747467373467714,,,Encerrado sem esporos,,,,False
,,,,,,-26.44315503804342,-51.74746737346771,,,Encerrado sem esporos,,,,False
,,,,,,-26.26051039273908,-51.747467373467714,,,Encerrado sem esporos,,,,False
,,,,,,-26.07786574743473,-51.74746737346771,,,Encerrado sem esporos,,,,False
,,,,,,-25.895221102130375,-51.747467373467714,,,Encerrado sem esporos,,,,False
,,,,,,-25.712576456826035,-51.747467373467714,,,Encerrado sem esporos,,,,False
,,,,,,-25.529931811521685,-51.74746737346771,,,Encerrado sem esporos,,,,False
,,,,,,-25.347287166217335,-51.747467373467714,,,Encerrado sem esporos,,,,False
,,,,,,-25.164642520912995,-51.747467373467714,,,Encerrado sem esporos,,,,False
,,,,,,-24.98199787560864,-51.74746737346771,,,Encerrado sem esporos,,,,False
,,,,,,-24.799353230304295,-51.747467373467714,,,Encerrado sem esporos,,,,False
,,,,,,-24.616708584999948,-51.74746737346771,,,Encerrado sem esporos,,,,False
,,,,,,-24.434063939695594,-51.747467373467714,,,Encerrado sem esporos,,,,False
,,,,,,-24.251419294391244,-51.74746737346771,,,Encerrado sem esporos,,,,False
,,,,,,-24.068774649086897,-51.747467373467714,23/02/07,,Com esporos,,,,False,
,,,,,,-23.886130003782554,-51.747467373467714,,,Encerrado sem esporos,,,,False
,,,,,,-23.703485358478204,-51.74746737346771,,,Encerrado sem esporos,,,,False
,,,,,,-23.520840713173854,-51.747467373467714,23/01/03,,Com esporos,,,,False,
,,,,,,-23.338196067869507,-51.747467373467714,,,Encerrado sem esporos,,,,False
,,,,,,-23.155551422565164,-51.74746737346771,23/02/14,,Com esporos,,,,False,
,,,,,,-22.972906777260814,-51.747467373467714,,,Encerrado sem esporos,,,,False
,,,,,,-22.790262131956464,-51.747467373467714,22/12/21,,Com esporos,,,,False,
,,,,,,-22.607617486652117,-51.74746737346771,,,Encerrado sem esporos,,,,False
,,,,,,-26.625799683347772,-51.53467137698384,,,Encerrado sem esporos,,,,False
,,,,,,-26.443155038043425,-51.53467137698384,,,Encerrado sem esporos,,,,False
,,,,,,-26.260510392739075,-51.53467137698384,,,Encerrado sem esporos,,,,False
,,,,,,-26.07786574743473,-51.53467137698384,,,Encerrado sem esporos,,,,False
,,,,,,-25.89522110213038,-51.53467137698384,,,Encerrado sem esporos,,,,False
,,,,,,-25.712576456826035,-51.53467137698384,,,Encerrado sem esporos,,,,False
,,,,,,-25.52993181152169,-51.53467137698384,,,Encerrado sem esporos,,,,False
,,,,,,-25.347287166217335,-51.53467137698384,23/01/09,,Com esporos,,,,False,
,,,,,,-25.16464252091299,-51.53467137698384,,,Encerrado sem esporos,,,,False
,,,,,,-24.98199787560864,-51.53467137698384,,,Encerrado sem esporos,,,,False
,,,,,,-24.79935323030429,-51.53467137698384,,,Encerrado sem esporos,,,,False
,,,,,,-24.616708584999945,-51.53467137698384,,,Encerrado sem esporos,,,,False
,,,,,,-24.434063939695594,-51.53467137698384,,,Encerrado sem esporos,,,,False
,,,,,,-24.251419294391248,-51.53467137698384,,,Encerrado sem esporos,,,,False
,,,,,,-24.0687746490869,-51.53467137698384,,,Encerrado sem esporos,,,,False
,,,,,,-23.88613000378255,-51.53467137698384,23/02/09,,Com esporos,,,,False,
,,,,,,-23.703485358478208,-51.53467137698384,,,Encerrado sem esporos,,,,False
,,,,,,-23.520840713173857,-51.53467137698384,,,Encerrado sem esporos,,,,False
,,,,,,-23.33819606786951,-51.53467137698384,23/01/31,,Com esporos,,,,False,
,,,,,,-23.155551422565164,-51.53467137698384,,,Encerrado sem esporos,,,,False
,,,,,,-22.972906777260814,-51.53467137698384,,,Encerrado sem esporos,,,,False
,,,,,,-22.790262131956467,-51.53467137698384,,,Encerrado sem esporos,,,,False
,,,,,,-22.607617486652117,-51.53467137698384,,,Encerrado sem esporos,,,,False
,,,,,,-26.625799683347772,-51.32187538049996,,,Encerrado sem esporos,,,,False
,,,,,,-26.443155038043425,-51.32187538049996,,,Encerrado sem esporos,,,,False
,,,,,,-26.260510392739075,-51.32187538049996,,,Encerrado sem esporos,,,,False
,,,,,,-26.07786574743473,-51.32187538049996,23/02/10,,Com esporos,,,,False,
,,,,,,-25.89522110213038,-51.32187538049996,,,Encerrado sem esporos,,,,False
,,,,,,-25.712576456826035,-51.32187538049996,,,Encerrado sem esporos,,,,False
,,,,,,-25.52993181152169,-51.32187538049996,,,Encerrado sem esporos,,,,False
,,,,,,-25.347287166217335,-51.32187538049996,,,Encerrado sem esporos,,,,False
,,,,,,-25.16464252091299,-51.32187538049996,,,Encerrado sem esporos,,,,False
,,,,,,-24.98199787560864,-51.32187538049996,,,Encerrado sem esporos,,,,False
,,,,,,-24.79935323030429,-51.32187538049996,,,Encerrado sem esporos,,,,False
,,,,,,-24.616708584999945,-51.32187538049996,,,Encerrado sem esporos,,,,False
,,,,,,-24.434063939695594,-51.32187538049996,,,Encerrado sem esporos,,,,False
,,,,,,-24.251419294391248,-51.32187538049996,,,Encerrado sem esporos,,,,False
,,,,,,-24.0687746490869,-51.32187538049996,,,Encerrado sem esporos,,,,False
,,,,,,-23.88613000378255,-51.32187538049996,,,Encerrado sem esporos,,,,False
,,,,,,-23.703485358478208,-51.32187538049996,,,Encerrado sem esporos,,,,False
,,,,,,-23.520840713173857,-51.32187538049996,,,Encerrado sem esporos,,,,False
,,,,,,-23.33819606786951,-51.32187538049996,22/11/16,,Com esporos,,,,False,
,,,,,,-23.155551422565164,-51.32187538049996,,,Encerrado sem esporos,,,,False
,,,,,,-22.972906777260814,-51.32187538049996,,,Encerrado sem esporos,,,,False
,,,,,,-22.790262131956467,-51.32187538049996,22/12/05,,Com esporos,,,,False,
,,,,,,-22.607617486652117,-51.32187538049996,,,Encerrado sem esporos,,,,False
,,,,,,-26.260510392739075,-51.1090793840161,,,Encerrado sem esporos,,,,False
,,,,,,-26.07786574743473,-51.1090793840161,,,Encerrado sem esporos,,,,False
,,,,,,-25.89522110213038,-51.1090793840161,,,Encerrado sem esporos,,,,False
,,,,,,-25.712576456826035,-51.1090793840161,,,Encerrado sem esporos,,,,False
,,,,,,-25.52993181152169,-51.1090793840161,,,Encerrado sem esporos,,,,False
,,,,,,-25.347287166217335,-51.1090793840161,,,Encerrado sem esporos,,,,False
,,,,,,-25.16464252091299,-51.1090793840161,,,Encerrado sem esporos,,,,False
,,,,,,-24.98199787560864,-51.1090793840161,,,Encerrado sem esporos,,,,False
,,,,,,-24.79935323030429,-51.1090793840161,,,Encerrado sem esporos,,,,False
,,,,,,-24.616708584999945,-51.1090793840161,,,Encerrado sem esporos,,,,False
,,,,,,-24.434063939695594,-51.1090793840161,,,Encerrado sem esporos,,,,False
,,,,,,-24.251419294391248,-51.1090793840161,,,Encerrado sem esporos,,,,False
,,,,,,-24.0687746490869,-51.1090793840161,,,Encerrado sem esporos,,,,False
,,,,,,-23.88613000378255,-51.1090793840161,,,Encerrado sem esporos,,,,False
,,,,,,-23.703485358478208,-51.1090793840161,,,Encerrado sem esporos,,,,False
,,,,,,-23.520840713173857,-51.1090793840161,,,Encerrado sem esporos,,,,False
,,,,,,-23.33819606786951,-51.1090793840161,22/10/20,,Com esporos,,,,False,
,,,,,,-23.155551422565164,-51.1090793840161,,,Encerrado sem esporos,,,,False
,,,,,,-22.972906777260814,-51.1090793840161,22/10/27,,Com esporos,,,,False,
,,,,,,-22.790262131956467,-51.1090793840161,22/10/31,,Com esporos,,,,False,
,,,,,,-26.26051039273908,-50.89628338753222,23/01/18,,Com esporos,,,,False,
,,,,,,-26.07786574743473,-50.89628338753222,,,Encerrado sem esporos,,,,False
,,,,,,-25.895221102130375,-50.89628338753222,,,Encerrado sem esporos,,,,False
,,,,,,-25.712576456826035,-50.89628338753222,23/01/02,,Com esporos,,,,False,
,,,,,,-25.529931811521685,-50.89628338753222,,,Encerrado sem esporos,,,,False
,,,,,,-25.347287166217335,-50.89628338753222,,,Encerrado sem esporos,,,,False
,,,,,,-25.164642520912995,-50.89628338753222,22/11/30,,Com esporos,,,,False,
,,,,,,-24.98199787560864,-50.89628338753222,,,Encerrado sem esporos,,,,False
,,,,,,-24.799353230304295,-50.89628338753222,,,Encerrado sem esporos,,,,False
,,,,,,-24.616708584999948,-50.89628338753222,22/12/26,,Com esporos,,,,False,
,,,,,,-24.434063939695594,-50.89628338753222,,,Encerrado sem esporos,,,,False
,,,,,,-24.251419294391244,-50.89628338753222,,,Encerrado sem esporos,,,,False
,,,,,,-24.068774649086897,-50.89628338753222,,,Encerrado sem esporos,,,,False
,,,,,,-23.886130003782554,-50.89628338753222,,,Encerrado sem esporos,,,,False
,,,,,,-23.703485358478204,-50.89628338753222,,,Encerrado sem esporos,,,,False
,,,,,,-23.520840713173854,-50.89628338753222,,,Encerrado sem esporos,,,,False
,,,,,,-23.338196067869507,-50.89628338753222,23/01/23,,Com esporos,,,,False,
,,,,,,-23.155551422565164,-50.89628338753222,23/02/06,,Com esporos,,,,False,
,,,,,,-22.972906777260814,-50.89628338753222,23/01/25,,Com esporos,,,,False,
,,,,,,-22.790262131956464,-50.89628338753222,,,Encerrado sem esporos,,,,False
,,,,,,-26.260510392739075,-50.68348739104835,,,Encerrado sem esporos,,,,False
,,,,,,-26.07786574743473,-50.683487391048345,,,Encerrado sem esporos,,,,False
,,,,,,-25.89522110213038,-50.68348739104835,,,Encerrado sem esporos,,,,False
,,,,,,-25.712576456826035,-50.68348739104835,,,Encerrado sem esporos,,,,False
,,,,,,-25.52993181152169,-50.683487391048345,,,Encerrado sem esporos,,,,False
,,,,,,-25.347287166217335,-50.68348739104835,,,Encerrado sem esporos,,,,False
,,,,,,-25.16464252091299,-50.68348739104835,,,Encerrado sem esporos,,,,False
,,,,,,-24.98199787560864,-50.683487391048345,23/01/13,,Com esporos,,,,False,
,,,,,,-24.79935323030429,-50.68348739104835,,,Encerrado sem esporos,,,,False
,,,,,,-24.616708584999945,-50.683487391048345,,,Encerrado sem esporos,,,,False
,,,,,,-24.434063939695594,-50.68348739104835,,,Encerrado sem esporos,,,,False
,,,,,,-24.251419294391248,-50.683487391048345,,,Encerrado sem esporos,,,,False
,,,,,,-24.0687746490869,-50.68348739104835,,,Encerrado sem esporos,,,,False
,,,,,,-23.88613000378255,-50.68348739104835,,,Encerrado sem esporos,,,,False
,,,,,,-23.703485358478208,-50.683487391048345,,,Encerrado sem esporos,,,,False
,,,,,,-23.520840713173857,-50.68348739104835,23/01/23,,Com esporos,,,,False,
,,,,,,-23.33819606786951,-50.68348739104835,,,Encerrado sem esporos,,,,False
,,,,,,-23.155551422565164,-50.683487391048345,23/01/23,,Com esporos,,,,False,
,,,,,,-22.972906777260814,-50.68348739104835,,,Encerrado sem esporos,,,,False
,,,,,,-26.07786574743473,-50.470691394564476,,,Encerrado sem esporos,,,,False
,,,,,,-25.89522110213038,-50.470691394564476,23/01/18,,Com esporos,,,,False,
,,,,,,-25.712576456826035,-50.470691394564476,,,Encerrado sem esporos,,,,False
,,,,,,-25.52993181152169,-50.470691394564476,,,Encerrado sem esporos,,,,False
,,,,,,-25.347287166217335,-50.470691394564476,23/02/15,,Com esporos,,,,False,
,,,,,,-25.16464252091299,-50.470691394564476,,,Encerrado sem esporos,,,,False
,,,,,,-24.98199787560864,-50.470691394564476,,,Encerrado sem esporos,,,,False
,,,,,,-24.79935323030429,-50.470691394564476,,,Encerrado sem esporos,,,,False
,,,,,,-24.616708584999945,-50.470691394564476,,,Encerrado sem esporos,,,,False
,,,,,,-24.434063939695594,-50.470691394564476,,,Encerrado sem esporos,,,,False
,,,,,,-24.251419294391248,-50.470691394564476,,,Encerrado sem esporos,,,,False
,,,,,,-24.0687746490869,-50.470691394564476,,,Encerrado sem esporos,,,,False
,,,,,,-23.88613000378255,-50.470691394564476,,,Encerrado sem esporos,,,,False
,,,,,,-23.703485358478208,-50.470691394564476,,,Encerrado sem esporos,,,,False
,,,,,,-23.520840713173857,-50.470691394564476,,,Encerrado sem esporos,,,,False
,,,,,,-23.33819606786951,-50.470691394564476,,,Encerrado sem esporos,,,,False
,,,,,,-23.155551422565164,-50.470691394564476,23/01/23,,Com esporos,,,,False,
,,,,,,-22.972906777260814,-50.470691394564476,,,Encerrado sem esporos,,,,False
,,,,,,-26.07786574743473,-50.25789539808061,,,Encerrado sem esporos,,,,False
,,,,,,-25.89522110213038,-50.257895398080606,,,Encerrado sem esporos,,,,False
,,,,,,-25.712576456826035,-50.257895398080606,23/01/11,,Com esporos,,,,False,
,,,,,,-25.52993181152169,-50.25789539808061,,,Encerrado sem esporos,,,,False
,,,,,,-25.347287166217335,-50.257895398080606,,,Encerrado sem esporos,,,,False
,,,,,,-25.16464252091299,-50.257895398080606,23/01/18,,Com esporos,,,,False,
,,,,,,-24.98199787560864,-50.25789539808061,,,Encerrado sem esporos,,,,False
,,,,,,-24.79935323030429,-50.257895398080606,,,Encerrado sem esporos,,,,False
,,,,,,-24.616708584999945,-50.25789539808061,,,Encerrado sem esporos,,,,False
,,,,,,-24.434063939695594,-50.257895398080606,,,Encerrado sem esporos,,,,False
,,,,,,-24.251419294391248,-50.25789539808061,,,Encerrado sem esporos,,,,False
,,,,,,-24.0687746490869,-50.257895398080606,,,Encerrado sem esporos,,,,False
,,,,,,-23.88613000378255,-50.257895398080606,,,Encerrado sem esporos,,,,False
,,,,,,-23.703485358478208,-50.25789539808061,,,Encerrado sem esporos,,,,False
,,,,,,-23.520840713173857,-50.257895398080606,,,Encerrado sem esporos,,,,False
,,,,,,-23.33819606786951,-50.257895398080606,,,Encerrado sem esporos,,,,False
,,,,,,-23.155551422565164,-50.25789539808061,,,Encerrado sem esporos,,,,False
,,,,,,-22.972906777260814,-50.257895398080606,23/01/23,,Com esporos,,,,False,
,,,,,,-26.07786574743473,-50.04509940159673,,,Encerrado sem esporos,,,,False
,,,,,,-25.895221102130375,-50.04509940159673,,,Encerrado sem esporos,,,,False
,,,,,,-25.712576456826035,-50.04509940159673,,,Encerrado sem esporos,,,,False
,,,,,,-25.529931811521685,-50.04509940159673,,,Encerrado sem esporos,,,,False
,,,,,,-25.347287166217335,-50.04509940159673,,,Encerrado sem esporos,,,,False
,,,,,,-25.164642520912995,-50.04509940159673,,,Encerrado sem esporos,,,,False
,,,,,,-24.98199787560864,-50.04509940159673,,,Encerrado sem esporos,,,,False
,,,,,,-24.799353230304295,-50.04509940159673,,,Encerrado sem esporos,,,,False
,,,,,,-24.616708584999948,-50.04509940159673,,,Encerrado sem esporos,,,,False
,,,,,,-24.434063939695594,-50.04509940159673,,,Encerrado sem esporos,,,,False
,,,,,,-24.251419294391244,-50.04509940159673,,,Encerrado sem esporos,,,,False
,,,,,,-24.068774649086897,-50.04509940159673,,,Encerrado sem esporos,,,,False
,,,,,,-23.886130003782554,-50.04509940159673,,,Encerrado sem esporos,,,,False
,,,,,,-23.703485358478204,-50.04509940159673,,,Encerrado sem esporos,,,,False
,,,,,,-23.520840713173854,-50.04509940159673,,,Encerrado sem esporos,,,,False
,,,,,,-23.338196067869507,-50.04509940159673,,,Encerrado sem esporos,,,,False
,,,,,,-23.155551422565164,-50.04509940159673,,,Encerrado sem esporos,,,,False
,,,,,,-22.972906777260814,-50.04509940159673,23/01/30,,Com esporos,,,,False,
,,,,,,-26.07786574743473,-49.83230340511287,,,Encerrado sem esporos,,,,False
,,,,,,-25.89522110213038,-49.83230340511287,,,Encerrado sem esporos,,,,False
,,,,,,-25.712576456826035,-49.83230340511287,22/12/27,,Com esporos,,,,False,
,,,,,,-25.52993181152169,-49.83230340511287,22/12/22,,Com esporos,,,,False,
,,,,,,-25.347287166217335,-49.83230340511287,,,Encerrado sem esporos,,,,False
,,,,,,-25.16464252091299,-49.83230340511287,,,Encerrado sem esporos,,,,False
,,,,,,-24.98199787560864,-49.83230340511287,,,Encerrado sem esporos,,,,False
,,,,,,-24.79935323030429,-49.83230340511287,,,Encerrado sem esporos,,,,False
,,,,,,-24.616708584999945,-49.83230340511287,,,Encerrado sem esporos,,,,False
,,,,,,-24.434063939695594,-49.83230340511287,,,Encerrado sem esporos,,,,False
,,,,,,-24.251419294391248,-49.83230340511287,,,Encerrado sem esporos,,,,False
,,,,,,-24.0687746490869,-49.83230340511287,22/11/28,,Com esporos,,,,False,
,,,,,,-23.88613000378255,-49.83230340511287,,,Encerrado sem esporos,,,,False
,,,,,,-23.703485358478208,-49.83230340511287,,,Encerrado sem esporos,,,,False
,,,,,,-23.520840713173857,-49.83230340511287,,,Encerrado sem esporos,,,,False
,,,,,,-23.33819606786951,-49.83230340511287,,,Encerrado sem esporos,,,,False
,,,,,,-23.155551422565164,-49.83230340511287,,,Encerrado sem esporos,,,,False
,,,,,,-26.260510392739075,-49.619507408629,,,Encerrado sem esporos,,,,False
,,,,,,-26.07786574743473,-49.61950740862899,,,Encerrado sem esporos,,,,False
,,,,,,-25.89522110213038,-49.619507408629,,,Encerrado sem esporos,,,,False
,,,,,,-25.712576456826035,-49.619507408629,23/01/05,,Com esporos,,,,False,
,,,,,,-25.52993181152169,-49.61950740862899,,,Encerrado sem esporos,,,,False
,,,,,,-25.347287166217335,-49.619507408629,,,Encerrado sem esporos,,,,False
,,,,,,-25.16464252091299,-49.619507408629,,,Encerrado sem esporos,,,,False
,,,,,,-24.98199787560864,-49.61950740862899,,,Encerrado sem esporos,,,,False
,,,,,,-24.79935323030429,-49.619507408629,,,Encerrado sem esporos,,,,False
,,,,,,-24.616708584999945,-49.61950740862899,,,Encerrado sem esporos,,,,False
,,,,,,-24.434063939695594,-49.619507408629,,,Encerrado sem esporos,,,,False
,,,,,,-24.251419294391248,-49.61950740862899,,,Encerrado sem esporos,,,,False
,,,,,,-24.0687746490869,-49.619507408629,,,Encerrado sem esporos,,,,False
,,,,,,-23.88613000378255,-49.619507408629,,,Encerrado sem esporos,,,,False
,,,,,,-23.703485358478208,-49.61950740862899,,,Encerrado sem esporos,,,,False
,,,,,,-23.520840713173857,-49.619507408629,,,Encerrado sem esporos,,,,False
,,,,,,-23.33819606786951,-49.619507408629,,,Encerrado sem esporos,,,,False
,,,,,,-23.155551422565164,-49.61950740862899,,,Encerrado sem esporos,,,,False
,,,,,,-26.07786574743473,-49.40671141214512,,,Encerrado sem esporos,,,,False
,,,,,,-25.895221102130375,-49.40671141214512,,,Encerrado sem esporos,,,,False
,,,,,,-25.712576456826035,-49.40671141214512,,,Encerrado sem esporos,,,,False
,,,,,,-25.529931811521685,-49.40671141214512,23/01/05,,Com esporos,,,,False,
,,,,,,-25.347287166217335,-49.40671141214512,,,Encerrado sem esporos,,,,False
,,,,,,-25.164642520912995,-49.40671141214512,,,Encerrado sem esporos,,,,False
,,,,,,-24.98199787560864,-49.40671141214512,,,Encerrado sem esporos,,,,False
,,,,,,-24.799353230304295,-49.40671141214512,,,Encerrado sem esporos,,,,False
,,,,,,-24.616708584999948,-49.40671141214512,,,Encerrado sem esporos,,,,False
,,,,,,-24.434063939695594,-49.40671141214512,,,Encerrado sem esporos,,,,False
,,,,,,-24.251419294391244,-49.40671141214512,,,Encerrado sem esporos,,,,False
,,,,,,-24.068774649086897,-49.40671141214512,22/11/29,,Com esporos,,,,False,
,,,,,,-26.07786574743473,-49.193915415661245,,,Encerrado sem esporos,,,,False
,,,,,,-25.89522110213038,-49.193915415661245,,,Encerrado sem esporos,,,,False
,,,,,,-25.712576456826035,-49.193915415661245,,,Encerrado sem esporos,,,,False
,,,,,,-25.52993181152169,-49.193915415661245,,,Encerrado sem esporos,,,,False
,,,,,,-25.347287166217335,-49.193915415661245,,,Encerrado sem esporos,,,,False
,,,,,,-25.16464252091299,-49.193915415661245,,,Encerrado sem esporos,,,,False
,,,,,,-24.98199787560864,-49.193915415661245,,,Encerrado sem esporos,,,,False
,,,,,,-24.79935323030429,-49.193915415661245,,,Encerrado sem esporos,,,,False
,,,,,,-24.616708584999945,-49.193915415661245,,,Encerrado sem esporos,,,,False
,,,,,,-24.434063939695594,-49.193915415661245,,,Encerrado sem esporos,,,,False
,,,,,,-26.07786574743473,-48.98111941917738,,,Encerrado sem esporos,,,,False
,,,,,,-25.89522110213038,-48.981119419177375,,,Encerrado sem esporos,,,,False
,,,,,,-25.712576456826035,-48.981119419177375,,,Encerrado sem esporos,,,,False
,,,,,,-25.52993181152169,-48.98111941917738,,,Encerrado sem esporos,,,,False
,,,,,,-25.347287166217335,-48.981119419177375,,,Encerrado sem esporos,,,,False
,,,,,,-25.16464252091299,-48.981119419177375,,,Encerrado sem esporos,,,,False
,,,,,,-24.98199787560864,-48.98111941917738,,,Encerrado sem esporos,,,,False
,,,,,,-24.79935323030429,-48.981119419177375,,,Encerrado sem esporos,,,,False
,,,,,,-24.616708584999945,-48.98111941917738,,,Encerrado sem esporos,,,,False
,,,,,,-26.07786574743473,-48.768323422693506,,,Encerrado sem esporos,,,,False
,,,,,,-25.89522110213038,-48.76832342269351,,,Encerrado sem esporos,,,,False
,,,,,,-25.712576456826035,-48.76832342269351,,,Encerrado sem esporos,,,,False
,,,,,,-25.52993181152169,-48.768323422693506,,,Encerrado sem esporos,,,,False
,,,,,,-25.347287166217335,-48.76832342269351,,,Encerrado sem esporos,,,,False
,,,,,,-25.16464252091299,-48.76832342269351,,,Encerrado sem esporos,,,,False
,,,,,,-24.98199787560864,-48.768323422693506,,,Encerrado sem esporos,,,,False
,,,,,,-24.79935323030429,-48.76832342269351,,,Encerrado sem esporos,,,,False
,,,,,,-24.616708584999945,-48.768323422693506,,,Encerrado sem esporos,,,,False
,,,,,,-25.89522110213038,-48.555527426209636,,,Encerrado sem esporos,,,,False
,,,,,,-25.712576456826035,-48.555527426209636,,,Encerrado sem esporos,,,,False
,,,,,,-25.52993181152169,-48.555527426209636,,,Encerrado sem esporos,,,,False
,,,,,,-25.347287166217335,-48.555527426209636,,,Encerrado sem esporos,,,,False
,,,,,,-25.16464252091299,-48.555527426209636,,,Encerrado sem esporos,,,,False
,,,,,,-24.98199787560864,-48.555527426209636,,,Encerrado sem esporos,,,,False
,,,,,,-24.79935323030429,-48.555527426209636,,,Encerrado sem esporos,,,,False
,,,,,,-24.616708584999945,-48.555527426209636,,,Encerrado sem esporos,,,,False
,,,,,,-25.712576456826035,-48.342731429725774,,,Encerrado sem esporos,,,,False
,,,,,,-25.529931811521685,-48.34273142972577,,,Encerrado sem esporos,,,,False
,,,,,,-25.347287166217335,-48.342731429725774,,,Encerrado sem esporos,,,,False
,,,,,,-25.164642520912995,-48.342731429725774,,,Encerrado sem esporos,,,,False
,,,,,,-24.98199787560864,-48.34273142972577,,,Encerrado sem esporos,,,,False
,,,,,,-25.347287166217335,-48.12993543324189,,,Encerrado sem esporos,,,,False
,,,,,,-25.16464252091299,-48.12993543324189,,,Encerrado sem esporos,,,,False
